"Arginine";"Asparagine";"Aspartate";"Cystein";"GABA";"Glutamate";"Glycine";"Isoleucine";"Leucine";"Lysine";"Phenylalanine";"Serine";"Threonine";"Tryptophan";"Valine";"beta.Sitosterol";"gamma.Tocopherol";"Tetracosanoate";"X4MTB";"X5..methylthio.pentanenitrile";"X7MTH";"X8MTO";"BenzoylGlucosinolate.2Breakdown";"BenzoylGlucosinolate.3Breakdown";"BenzoylX.Glucosinolate.3";"Hexanenitrile.6methylthio";"Nonanenitrile.9.methylthio";"Sulfite";"U2609.4.361";"U3122.4.202.I3M.";"UGlucosinolatebreakdown140.4";"H2SO4";"Fumarate";"Galactonate";"Gluconate";"Glycerate";"Maleate";"Pentonate.4";"Sinapinate.cis";"Succinate";"Allantoin";"beta.indole.3.acetonitrile";"myo.Inositol";"Sorbitol";"Glycerol.3.P";"myo.Inositol.1.P";"Phosphate";"Anhydroglucose";"Digalactosylglycerol";"Galactinol";"Galactose";"Glucopyranose..H2O.";"Raffinose";"Rhamnose";"Stachyose";"Sucrose";"U1093.6.147";"U1154.3.156";"U1270.1.240";"U1408.4.298";"U1559.4.217";"U1568.5.313";"U1647.2.403";"U1718.0.157";"U1759.4.331";"U1852.0.217";"U1958.217";"U2012.7.361";"U2053.6.321.1";"U2076.9.204";"U2150.9.279";"U2170.6.361";"U2251.5.361";"U2271.6.249";"U2513.2.296.1";"U2692.9.361";"U2779.9.361";"U2798.377";"U2839.3.312";"U2857.8.342";"U2882.5.297";"U3008.3.457";"U3080.7.361";"U3100.8.361";"U3213.1.400";"U3218.5.297";"U3279.7.361";"U3701.368"
0.029325117;0.419735725;0.147360459;0.073655289;0.067871343;0.585539888;0.107736669;0.030546914;0.020215789;0.009209946;0.089790925;0.114608537;0.059350352;0.7643764;0.108157095;1.919888196;0.292450993;0.002299652;0.069353751;0.264930477;0.01806192;0.040063516;0.018129146;0.065945797;0.037566674;0.001680117;0.036840031;0.013715006;0.007791737;0.01157747;0.002678104;0.488063284;1.544793993;0.008560801;1.221069039;0.093062919;0.001606584;0.000401613;0.032393228;0.409714541;0.006272704;0.005966862;1.064577116;0.254800308;0.027694751;0.057571355;6.367278033;0.124852465;0.703931144;0.543552222;0.133525101;0.441251317;2.669878194;0.060078914;4.604164554;63.76834102;0.000578902;0.006996126;0.028853169;0.008675715;0.015725367;0.001405067;0.000805601;0.000835109;0.006579667;0.006372671;0.034256747;0.047495185;0.022576551;0.187280266;0.011189608;0.004978588;0.00103449;0.001860573;0.05294323;0.002603079;0.001194254;0.007087028;0.003778949;0.000337224;0.009954298;0.009965067;0.009455727;0.005232222;0.004652172;0.009480696;0.005640354;0.004287999
0.034914563;0.444754603;0.149486978;0.066624914;0.069023013;0.593996301;0.116613047;0.029564253;0.021966345;0.0116528;0.093450306;0.135027207;0.059938476;0.712301913;0.099351382;1.889234092;0.283069789;0.00224532;0.129625317;0.292233956;0.034300568;0.066209943;0.017967062;0.064370548;0.063793205;0.001725037;0.035777936;0.02285237;0.013852392;0.020988772;0.002725205;0.507636454;1.351478165;0.00687011;1.480002049;0.095657174;0.001107302;0.000525316;0.028232171;0.327438807;0.006633719;0.005807561;1.131074525;0.286392351;0.015892415;0.045134652;5.934562758;0.121808367;0.751556417;0.65072789;0.094792787;0.459856131;3.020401826;0.061105667;5.260334289;69.58652315;0.000512897;0.007188198;0.038918876;0.009792704;0.015717386;0.001227466;0.000984159;0.001146547;0.004949684;0.00524471;0.033881791;0.042896287;0.031333601;0.064790666;0.012724743;0.005090704;0.001002254;0.001505384;0.058142667;0.003622619;0.000734664;0.00981974;0.003950966;0.000370758;0.00903993;0.008120398;0.010355224;0.010208609;0.003220889;0.009831164;0.00825574;0.004539844
0.046429932;0.434730864;0.140378787;0.127331686;0.076388119;0.522253647;0.147028681;0.033741244;0.027256833;0.012079278;0.096695853;0.156913803;0.076010969;0.828505967;0.115849243;1.989719803;0.291200388;0.002909435;0.074694415;0.242379377;0.020770955;0.043501565;0.017130884;0.071253397;0.043345607;0.001553117;0.038647511;0.007780398;0.010099836;0.014598063;0.003245658;0.515359047;1.634582031;0.015503097;1.710057373;0.124812818;0.001031797;0.000864209;0.027936584;0.436315434;0.007138046;0.005857677;1.163779468;0.355763497;0.018331262;0.058337212;6.63384066;0.09281432;0.751243665;0.486294586;0.066741251;0.458232736;3.036778585;0.061428086;5.128583275;68.00733898;0.000495675;0.00836639;0.031243092;0.008787668;0.016454496;0.000886207;0.001053415;0.00107905;0.005176478;0.003685776;0.033367756;0.053836441;0.023213926;0.227753712;0.010726529;0.004083662;0.00078144;0.001468403;0.052567468;0.003682887;0.001313627;0.008163646;0.003637838;0.000237651;0.008547332;0.007659813;0.009510589;0.004956455;0.002420905;0.009291544;0.007470947;0.003978955
0.021028136;0.583022003;0.28173995;0.054387281;0.08047531;1.286398062;0.104911126;0.053982475;0.039801942;0.015186307;0.071536653;0.214929226;0.111271232;0.277259047;0.128295785;1.891628061;0.352021643;0.000744185;0.558864451;0.436973369;0.098481764;0.143968675;0.020603757;0.055868857;0.151425052;0.003379372;0.028481703;0.027521134;0.06069445;0.07161776;0.003832789;0.671908982;1.710308009;0.040388459;2.037429896;0.066081875;0.001262103;0.00200519;0.026002142;0.276764934;0.011241245;0.004970606;1.161271311;0.404444926;0.025069998;0.081228239;8.781366709;0.252991623;0.956526838;3.508501327;0.145013575;0.507325549;2.397146319;0.085361268;5.958751989;81.41855975;0.000944288;0.011374884;0.080884991;0.031473601;0.01602578;0.002027742;0.001787796;0.001570448;0.008177845;0.015466966;0.046529941;0.038525226;0.035393679;0.083371926;0.013951457;0.008961374;0.000849173;0.002714019;0.04321981;0.006533976;0.001256141;0.006955084;0.003531596;0.000453922;0.008256782;0.010307098;0.013511705;0.036105114;0.002510795;0.005334038;0.028697357;0.004668194
0.011900091;0.545867518;0.308790207;0.033108516;0.070034556;1.174695734;0.118575382;0.057259034;0.042633532;0.016886478;0.086034397;0.193796832;0.112901246;0.323306207;0.133334782;1.928438927;0.342594158;0.001207853;0.500018501;0.416751771;0.082413136;0.127420619;0.019677093;0.056346677;0.141209074;0.002612413;0.028384536;0.040379624;0.056570856;0.068848726;0.003914062;0.608499047;2.107312388;0.039047895;2.263618537;0.089289909;0.000731955;0.001097856;0.025096256;0.299049797;0.011120373;0.004621678;1.178085612;0.430881536;0.025411637;0.075773782;7.982789611;0.19008509;0.914523603;2.969518736;0.180177594;0.48236005;2.420407512;0.078232778;5.818047047;77.72510731;0.001057311;0.010083261;0.075633675;0.024382691;0.014498614;6.77e-05;0.001298376;0.001256673;0.006310739;0.008091394;0.037981344;0.046295046;0.036422442;0.075186881;0.011528321;0.008046459;0.002099607;0.002037624;0.048376965;0.007336028;0.002128828;0.00847886;0.002539119;0.000433748;0.005219952;0.008133877;0.014705142;0.031962599;0.002827422;0.004069525;0.02896486;0.003951672
0.019769523;0.569687547;0.327858245;0.028868654;0.075929687;1.246570147;0.121854211;0.063799668;0.042363551;0.01301811;0.087114876;0.208224451;0.119594861;0.301157247;0.14067996;2.017613135;0.352782665;0.001747998;0.625847053;0.37805179;0.112167322;0.166196878;0.017855064;0.052614308;0.195216786;0.002571471;0.02451436;0.035578855;0.077748644;0.08515765;0.003602764;0.733474874;2.908469581;0.030355717;2.428749146;0.092906564;0.001491837;0.001656908;0.024985153;0.307907862;0.010767061;0.005811097;1.164304834;0.330597722;0.026439476;0.074600575;8.724025585;0.21463033;0.948978113;3.149141524;0.218945888;0.5384533;2.556774818;0.086815828;6.028455291;80.66751093;0.000729311;0.010032663;0.096548263;0.036460067;0.014656182;0.000313467;0.001480938;0.001631112;0.006751591;0.010942208;0.037642937;0.030686193;0.034699958;0.067420516;0.011751659;0.008245832;0.001934267;0.002132781;0.041392745;0.0080481;0.001365302;0.008813461;0.003154872;0.000512543;0.007263406;0.007093224;0.014161003;0.043239101;0.002457522;0.00509096;0.035650319;0.003999334
0.019419917;0.758655239;0.414793385;0.044382509;0.073849737;1.354406489;0.197162558;0.092303171;0.063159459;0.017939079;0.089395929;0.301091804;0.193391358;0.138955435;0.169334799;1.727882544;0.375755748;0.001058864;1.403958737;0.589945454;0.177698445;0.16889111;0.022353603;0.026366028;0.140499809;0.004673008;0.01999975;0.070505259;0.06617259;0.116565686;0.006164374;0.716911534;0.926208926;0.041535492;2.232489103;0.053355103;0.00037709;0.001357828;0.023250423;0.174064379;0.010811897;0.002469904;1.114885463;0.31813059;0.045270332;0.092342332;9.454930215;0.33992109;1.110001264;7.964662016;0.269166507;0.65310691;2.42994996;0.133550038;5.855897984;82.30512991;0.000665388;0.00638418;0.152646753;0.06304981;0.012888244;0.000530749;0.00139991;0.002398038;0.007434446;0.021456864;0.048741831;0.025356186;0.04939367;0.335768616;0.010854977;0.013726878;0.002917237;0.002015923;0.035290584;0.019679968;0.001109221;0.003593916;0.00159971;0.00084477;0.00279397;0.006833831;0.01830889;0.07746618;0.00336715;0.001303402;0.052755224;0.003022327
0.004434792;0.608061496;0.316539931;0.027107143;0.062888329;1.11748655;0.142963776;0.062685054;0.037039133;0.011667347;0.063202182;0.221766506;0.150293982;0.135292232;0.120790081;1.805383502;0.355307975;0.001927391;1.749708583;0.373752185;0.238207815;0.2364105;0.0185636;0.01751655;0.162860897;0.002453539;0.014500106;0.081112784;0.08066251;0.133601701;0.004518512;0.622969129;0.479274135;0.022137096;1.821211285;0.037703472;0.000452883;0.001252422;0.019652342;0.099831333;0.01022026;0.003248431;0.942082125;0.355275472;0.030393156;0.048254361;5.606629765;0.220399735;0.968425842;7.066392026;0.211326664;0.523340214;2.145559089;0.130604051;4.746672373;74.95089238;0.000629374;0.00346861;0.185486456;0.063246562;0.011795711;0.000216267;0.000595962;0.001890189;0.003546471;0.008707878;0.028863804;0.014919954;0.049970344;0.184400614;0.009320982;0.008702883;0.001389037;0.001475439;0.041697563;0.019498698;0.000466899;0.002852921;0.00103474;0.000588648;0.001923527;0.003330636;0.01573784;0.052425378;0.002577356;0.000775165;0.072449666;0.003124968
0.01008077;0.671366145;0.389349709;0.039103189;0.05781067;1.356143106;0.161431032;0.075157593;0.045635574;0.013763559;0.077223209;0.2671829;0.179289338;0.120248403;0.138503101;1.855951076;0.382823076;0.001142964;1.670742163;0.463349337;0.20746431;0.20072243;0.017612339;0.018412062;0.153989821;0.002946444;0.015703518;0.071761897;0.073468837;0.11949724;0.004668236;0.739535415;0.596761995;0.02385685;1.792772114;0.038040437;0.000489113;0.001218297;0.020131567;0.128959905;0.01069702;0.002178275;0.97821559;0.356040031;0.038442979;0.061730683;7.773059111;0.303831034;1.135310409;8.290710141;0.221641646;0.573301901;2.369453006;0.152884101;5.637776602;84.1847854;0.000799146;0.004182889;0.173983134;0.065640747;0.009728147;0.000744091;0.001234816;0.001928084;0.003955599;0.011184967;0.033535925;0.014649875;0.062730471;0.203148861;0.010723164;0.01042226;0.003047056;0.00133057;0.02848673;0.019249289;0.000536073;0.000742957;0.001335166;0.000791175;0.002267017;0.004395341;0.015102787;0.060707288;0.002882048;0.000772069;0.064211547;0.003311298
